{
  "timestamp": "2025-08-06T19:03:28.782985",
  "framework_version": "1.0.0",
  "python_info": {
    "version": "3.13.3 (main, Apr  8 2025, 13:54:08) [Clang 16.0.0 (clang-1600.0.26.6)]",
    "version_info": "3.13.3",
    "implementation": "CPython",
    "compiler": "Clang 16.0.0 (clang-1600.0.26.6)",
    "executable": "/Users/taylormohney/Documents/GitHub/causal-faithfulness/venv/bin/python",
    "platform": "macOS-14.6.1-arm64-arm-64bit-Mach-O",
    "architecture": "64bit"
  },
  "package_versions": {
    "torch": "2.8.0",
    "numpy": "2.3.2",
    "scipy": "1.16.1",
    "pandas": "2.3.1",
    "scikit-learn": "1.7.1",
    "matplotlib": "3.10.5",
    "seaborn": "0.13.2",
    "transformers": "4.55.0",
    "datasets": "not_installed",
    "shap": "not_installed",
    "lime": "not_installed",
    "captum": "not_installed"
  },
  "hardware_info": {
    "platform": "Darwin",
    "platform_release": "23.6.0",
    "platform_version": "Darwin Kernel Version 23.6.0: Mon Jul 29 21:13:04 PDT 2024; root:xnu-10063.141.2~1/RELEASE_ARM64_T6020",
    "architecture": "arm64",
    "processor": "arm",
    "cpu_count_physical": 12,
    "cpu_count_logical": 12,
    "memory_total_gb": 96.0,
    "cuda_available": false,
    "mps_available": true,
    "mps_built": true
  },
  "git_info": {
    "commit_hash": null,
    "branch": null,
    "is_dirty": null,
    "remote_url": null
  }
}